{"val_loss": [1.7214705596923827, 1.5407339504241944, 1.3587422565460205, 1.2423806682586669, 1.2162165878295899, 1.3278195735931397, 1.1748634753227234, 1.0735517958641052, 1.0772797013282776, 1.1475407709121703, 1.022677803707123, 0.9564010226249695, 1.1693484964370728, 0.9707356191635131, 0.972112721824646, 0.9811450469970703, 0.889368489074707, 1.073327108478546, 0.9529203762054443, 0.9078478632926941, 0.8977746625900268, 1.0993638131141663, 1.0130225425720214, 0.9381757095813751, 0.883972952747345, 0.8568194667816162, 0.9876348559379577, 0.8874097415924073, 0.9748793937683106, 0.8371330960273743, 0.947183162689209, 0.9256623863220215, 0.8402801317214966, 0.9551767775535583, 0.8825170740127564, 0.8632026064872742, 0.8611666122436523, 0.8162672333717346, 0.8329380843162537, 0.8311028295516968, 0.8462158391952515, 0.8663076934814453, 1.000903072166443, 0.8198466096878052, 0.926867989730835, 0.8282260889053344, 0.8456461183547974, 0.8404418646812439, 0.8477183101654052, 0.9104852279663086, 0.6485089706420899, 0.6393268461227417, 0.6331937713623047, 0.6195231852054596, 0.6042283014297485, 0.5963891436576844, 0.5844831726074219, 0.5910731805801391, 0.5768884056091309, 0.5647779933929443, 0.5710453262805939, 0.5672623698234558, 0.5572661279678345, 0.5717588880538941, 0.5526949911117554, 0.5505674930095673, 0.5391040735244751, 0.5476851853370667, 0.5341983445167542, 0.5362790552139283, 0.5238818223953247, 0.5382365325450897, 0.531302969455719, 0.5410689380645752, 0.5234599060535431, 0.5014281120300293, 0.49232896089553835, 0.4989383989810944, 0.4986322935581207, 0.5025629717350006, 0.49385213875770567, 0.4882797809123993, 0.49324077186584475, 0.49381075382232664, 0.4887283322811127], "val_acc": [0.4694, 0.5218, 0.5858, 0.6245, 0.6385, 0.6405, 0.679, 0.708, 0.7074, 0.6928, 0.7265, 0.7492, 0.6863, 0.7475, 0.7435, 0.7493, 0.7749, 0.7115, 0.7578, 0.7669, 0.7703, 0.7147, 0.7426, 0.7617, 0.7772, 0.7852, 0.7431, 0.7769, 0.7502, 0.7933, 0.7625, 0.7719, 0.7902, 0.7575, 0.7796, 0.7847, 0.7872, 0.8013, 0.7959, 0.7969, 0.7907, 0.789, 0.7529, 0.8043, 0.772, 0.7986, 0.7857, 0.7925, 0.7917, 0.7657, 0.8544, 0.861, 0.8599, 0.8613, 0.8644, 0.8668, 0.8698, 0.8655, 0.87, 0.8726, 0.8654, 0.8698, 0.8689, 0.863, 0.8689, 0.87, 0.872, 0.8687, 0.8717, 0.8705, 0.8723, 0.8694, 0.8703, 0.8645, 0.869, 0.8762, 0.8799, 0.8764, 0.8762, 0.8757, 0.8793, 0.8801, 0.8792, 0.8784, 0.8818], "loss": [1.8406091307250547, 1.4651820050031472, 1.306264860245785, 1.218152609821773, 1.141058757953711, 1.074215354387747, 1.0290753523992522, 0.9966808576417329, 0.9694078044034242, 0.9497910308669829, 0.9229433489930587, 0.911771755327746, 0.9001689279778422, 0.8912040749752762, 0.8782067643415847, 0.8631480749468512, 0.8628190295392983, 0.8569681743748943, 0.8489066198138769, 0.8364224412127284, 0.831494856151928, 0.8282549268005369, 0.8275315903081836, 0.8204511219169497, 0.8154284257951435, 0.8095664938685605, 0.813422907185608, 0.8033819871619511, 0.8077615994132891, 0.7989693385158277, 0.8015990094739786, 0.7917510517053747, 0.7937754388995294, 0.7888343202899718, 0.7886704312269216, 0.7872396190744759, 0.7874966452076664, 0.7844544017173586, 0.7786822787503026, 0.7777346486428043, 0.7748775878268838, 0.7785607439629049, 0.7744432951119877, 0.7713356422083151, 0.7706075367618929, 0.773289056284158, 0.7692302493321823, 0.7594794299082281, 0.7622354588841674, 0.7642489129707852, 0.6471788437509964, 0.5924690344974576, 0.5765782436549912, 0.5625908193356026, 0.5434197719969531, 0.537447104542655, 0.5260840824058292, 0.5196035865101055, 0.5106135191194754, 0.5017816176669638, 0.4941919129347809, 0.48879048466033104, 0.48231692527662823, 0.4748624444428028, 0.47388200972256694, 0.46948205467906756, 0.46155638694381224, 0.4534605255840452, 0.4541889313167962, 0.4537898116446351, 0.4467213731551545, 0.4471426298033156, 0.44241402130866425, 0.4380226693009001, 0.4355231827648356, 0.4108251499229143, 0.39677932580592196, 0.39423240668228976, 0.3893252790394367, 0.38556793273851225, 0.387644782714911, 0.38457328848867833, 0.38389949184012545, 0.37818963479552653, 0.38292464682667043], "acc": [0.37329945582586427, 0.5265539891060558, 0.5926786286446651, 0.6256007689843, 0.662548061518744, 0.6865387696251202, 0.7072252483178468, 0.7207625760974047, 0.7326177507209228, 0.7433314642742711, 0.7517822813200897, 0.756608458827299, 0.7631568407561679, 0.7639578660685677, 0.7707065043255367, 0.7754726049343159, 0.7780559115668055, 0.7798582185197053, 0.7819809355975649, 0.787227651393784, 0.7886094200576739, 0.7909323934636334, 0.7912928548542134, 0.7951177507209228, 0.7963793655879525, 0.7969000320410125, 0.7976409804549823, 0.8005446972124319, 0.7982818007049023, 0.8026473886574815, 0.8027675424543416, 0.8042894905479013, 0.8042894905479013, 0.805891541172701, 0.8069729253444409, 0.8089754886254406, 0.8083947452739506, 0.8097164370394104, 0.8104573854533803, 0.81247997436719, 0.81256007689843, 0.8117991028516501, 0.8121195129766101, 0.8141821531560397, 0.8126602050624799, 0.8122997436719, 0.8149431272028196, 0.8172260493431592, 0.8165251521948094, 0.8146427427106696, 0.8568942061459667, 0.8737183595001602, 0.8763216917654598, 0.8790852290932394, 0.8845322012175585, 0.8860942005767383, 0.8857938160845883, 0.887275712912528, 0.8884572252483178, 0.8903796859980775, 0.8900592758731176, 0.8923021467478373, 0.8936238385132971, 0.8923421980134573, 0.8920017622556873, 0.893383530919577, 0.8949855815443768, 0.8966276834347965, 0.8953660685677668, 0.8948654277475169, 0.8963673502082666, 0.893703941044537, 0.8961871195129766, 0.8962271707785966, 0.8968880166613264, 0.9054697503201025, 0.9093639859019546, 0.9114466517141941, 0.912808394745274, 0.9141100608779238, 0.9119673181672541, 0.9126281640499839, 0.9148109580262737, 0.9162327779557834, 0.9144504966356937]}