{"val_loss": [4.821231851210961, 4.3986039921857305, 4.512233834719696, 4.415282938983322, 4.214297345295044, 3.8399723643458024, 3.953448147781421, 4.117941470537785, 3.809987300452019, 3.7028059621555984, 3.8491958585146353, 3.6877622719548175, 3.651343648944308, 3.753589066906252, 3.633715273293512, 3.614707276441049, 3.608621034069338, 3.754973972477199, 3.615445188086198, 3.757751381147695, 3.5554353849131513, 3.6331395254426915, 3.5546383093712604, 3.7455475848654043, 3.5547826992716764, 3.6935607799585313, 3.5007700801087656, 3.4941886446518216, 3.7095842553413623, 3.7402160156176287, 3.529020502179525, 3.420263004379764, 3.600654592068683, 3.565169882659175, 3.520051665544126, 3.4774490734997197, 3.527410065686261, 3.4685982352485594, 3.4255749852952944, 3.5215938348509073, 3.4098677704299707, 3.442770334449559, 3.4254035012925494, 3.4217250723385773, 3.530051063992167, 3.3239872804970365, 3.2532830453341326, 3.334269547424071, 3.246650688122244, 3.3639251498592455, 3.210955583722887, 3.246128292667309, 3.217079356096793, 3.1761052927149285, 3.222723534717652, 3.23506741899991, 3.100927644305759, 3.1010216123240006, 3.1172924940136895, 3.112599493416803, 3.0839782352416796, 3.1093846880103464, 3.052742701221779, 3.0922273821684856, 3.086767895402156, 3.0222419747983778, 3.0749873738741913, 2.9242231020412968, 2.91225909764448, 2.8419075307830712, 2.862677953477451, 2.8124556910012655, 2.7841582482563703, 2.762325732988244, 2.7107153610714776], "val_acc": [0.09234775641025642, 0.1482487922705314, 0.15136876006441224, 0.17803945249597425, 0.20279790660225444, 0.26268115942028986, 0.2608695652173913, 0.2361111111111111, 0.2969001610305958, 0.3146135265700483, 0.3061594202898551, 0.3302133655394525, 0.33735909822866345, 0.3244766505636071, 0.35648148148148145, 0.36533816425120774, 0.36704911433172305, 0.3425925925925926, 0.36855877616747185, 0.35185185185185186, 0.3854669887278583, 0.37600644122383253, 0.3919082125603865, 0.3648349436392915, 0.3952294685990338, 0.38184380032206117, 0.41304347826086957, 0.4127415458937198, 0.3771135265700483, 0.3776167471819646, 0.4117351046698873, 0.4302536231884058, 0.4063003220611916, 0.41415056360708535, 0.4290458937198068, 0.43458132045088566, 0.4172705314009662, 0.4277375201288245, 0.4414251207729469, 0.42391304347826086, 0.44082125603864736, 0.4411231884057971, 0.4409219001610306, 0.4445450885668277, 0.4288446054750403, 0.4682971014492754, 0.47282608695652173, 0.4544082125603865, 0.47775764895330114, 0.45209339774557167, 0.4815821256038647, 0.4801731078904992, 0.48389694041867953, 0.49647745571658614, 0.4797705314009662, 0.48993558776167473, 0.5069444444444444, 0.5035225442834138, 0.5077495974235104, 0.5051328502415459, 0.5059380032206119, 0.5039251207729468, 0.5140901771336553, 0.5080515297906603, 0.5075483091787439, 0.5224436392914654, 0.5169082125603864, 0.5381441223832528, 0.5456924315619968, 0.5534420289855072, 0.5503220611916264, 0.5638083735909822, 0.5705515297906603, 0.5730676328502415, 0.5831320450885669], "loss": [5.318920117523389, 4.59764647097843, 4.28694113699318, 4.1144051568785125, 4.007707988085473, 3.9303233914900413, 3.86961149240469, 3.824073958833793, 3.7778296759068763, 3.746345789019821, 3.715784578046814, 3.6877788190972316, 3.66446999132665, 3.6379796047054604, 3.613060179521893, 3.59341020444983, 3.5697291091209076, 3.554906370546062, 3.5279902949110085, 3.5082966873726797, 3.4958488301988218, 3.472848848947913, 3.4501516301953012, 3.438633456558461, 3.416377286176371, 3.397711444295528, 3.3806926551778806, 3.364648879708991, 3.3440659053807917, 3.3262857262126664, 3.3049137221602565, 3.2918972094019545, 3.260871168430792, 3.2436374839228934, 3.2282967009677557, 3.207685083240997, 3.1838717142514668, 3.157331119502403, 3.138551057774154, 3.1178292504537786, 3.092322011622558, 3.0727501661619288, 3.047229617839393, 3.016697225950723, 2.9930299960979467, 2.969228983646482, 2.9425017393434882, 2.918644376378788, 2.885312918729363, 2.857397278058022, 2.8254391816646005, 2.7952732665325435, 2.7543530902750573, 2.7169205770015803, 2.6836388475889414, 2.6460368524261946, 2.609014089835791, 2.562242835044352, 2.5144415240210582, 2.477979209621995, 2.4237502391303143, 2.374954062601655, 2.3219998558949073, 2.2703694462076327, 2.2085704288540353, 2.144731008567498, 2.0833135640105835, 2.0056936379281507, 1.9399226139796797, 1.856741275466691, 1.7784765865683576, 1.6954590717767655, 1.6132269890107753, 1.5390436998403618, 1.4715359048728014], "acc": [0.05005334281650071, 0.11910692047678349, 0.1644502757516456, 0.19851894680661805, 0.22212462195338908, 0.24159402241594022, 0.25779443159580145, 0.2733944138053727, 0.28710416296032737, 0.2986345845934887, 0.31123243195161004, 0.32157311866215976, 0.3280555061376979, 0.3362946984522327, 0.3467132182885608, 0.35418519836328055, 0.361846201743462, 0.3665161892901619, 0.37493328589219, 0.3813489592599182, 0.38635251734566806, 0.3908779576587796, 0.39945072051236435, 0.4022193559864793, 0.4094244796299591, 0.41247109055328235, 0.41907578722647215, 0.42425724959971534, 0.42849359544565024, 0.43351939156733676, 0.44015744529443157, 0.4418808930795232, 0.4496753246753247, 0.45243284113147125, 0.45600204589930615, 0.4606609144280377, 0.46495285536381425, 0.4737813556306707, 0.475426970289984, 0.47965219711795054, 0.4844556128802704, 0.48774684219889697, 0.49267256715886854, 0.499499644191425, 0.5051481053193382, 0.5095067603629247, 0.5145436755025796, 0.5193470912648995, 0.5249177192670343, 0.5307774417363459, 0.5362479985767657, 0.5398839174524106, 0.5484566803059954, 0.5583637253157802, 0.5634784735812133, 0.5683041273794699, 0.5766989859455612, 0.5856275573741327, 0.5930772994129159, 0.600426970289984, 0.611078989503647, 0.6194293719978652, 0.6292919409357766, 0.639421366304928, 0.6516856431239992, 0.6629158512720157, 0.6755359366660737, 0.6899906600249066, 0.7042118840064046, 0.7224137164205657, 0.7382027219355987, 0.7584393346379648, 0.7765299768724426, 0.7951432129514321, 0.8129892367906066]}