{"val_loss": [1.7267577922821045, 1.5954295408248902, 1.3462029556274413, 1.2053264808654784, 1.0886630014419556, 1.0860211343765258, 1.008255506515503, 0.9711440368652344, 0.953760018157959, 1.000381618118286, 0.9498232398033142, 1.0353492978096008, 0.8349666375160217, 0.9295904876708985, 0.955222486114502, 0.8261110850334168, 1.0081441830635072, 0.8555745010375977, 0.9788718692779541, 0.863679137802124, 0.8804852258682251, 0.8607122763633728, 0.8585482469558716, 0.8932340685844421, 0.8625921730995179, 0.8425411909103394, 0.8279289764404297, 0.9564830960273742, 0.8755038237571716, 0.7882531769275666, 0.7961705817222595, 0.8247657417297364, 0.8352591384887695, 0.855906806564331, 0.8183479814529419, 0.7664549077033996, 0.8411867660522461, 0.8769121012687683, 0.8899352175712586, 0.8320689566612244, 0.8393468488693238, 0.9074840595245361, 0.8190008476257324, 0.8321007681846618, 0.9021942395210266, 0.8578207464218139, 0.8677670831680298, 0.8447878963470459, 0.8301160827636719, 0.8331296802520752, 0.6326934148788452, 0.6101118282318115, 0.5874360630989075, 0.5727085102081299, 0.5559252726554871, 0.5550762565612793, 0.5439865218162536, 0.5270767436027527, 0.5281727270126343, 0.5069100600242614, 0.5084978098869324, 0.48740271520614625, 0.5034300231933594, 0.49501476011276246, 0.4779697280406952, 0.4760257022857666, 0.4780550563812256, 0.4845208799362183, 0.494506454372406, 0.4731221693992615, 0.47231187014579773, 0.4724107654094696, 0.4680067638397217, 0.4477768518447876, 0.46219255151748656, 0.43588945274353025, 0.429133873462677, 0.4307724252700806, 0.4338231905937195, 0.4277919968605042, 0.43200007009506225, 0.43476487979888917, 0.4301224568367004, 0.4301794825553894, 0.4320881806373596], "val_acc": [0.5579, 0.5994, 0.6798, 0.719, 0.756, 0.757, 0.7805, 0.7832, 0.7944, 0.7772, 0.7899, 0.7738, 0.8291, 0.795, 0.7936, 0.8325, 0.7845, 0.8231, 0.7946, 0.8202, 0.8152, 0.8246, 0.8287, 0.8169, 0.8234, 0.8375, 0.8347, 0.8028, 0.8205, 0.8519, 0.8553, 0.8364, 0.837, 0.8338, 0.8409, 0.863, 0.8457, 0.829, 0.8284, 0.8429, 0.838, 0.8208, 0.8476, 0.8386, 0.827, 0.8332, 0.8347, 0.8348, 0.8414, 0.8427, 0.9068, 0.9101, 0.9125, 0.9147, 0.9183, 0.9184, 0.9178, 0.9204, 0.9158, 0.9241, 0.9186, 0.9265, 0.9228, 0.92, 0.9254, 0.9235, 0.9217, 0.9192, 0.9144, 0.9217, 0.9216, 0.918, 0.9203, 0.9211, 0.9197, 0.9284, 0.9296, 0.9314, 0.9318, 0.9323, 0.9321, 0.9322, 0.9316, 0.9336, 0.9324], "loss": [2.1778666403778995, 1.5396656850636368, 1.2759621145632816, 1.1469419646515215, 1.0515114988741374, 0.9879186731315278, 0.9481578053896415, 0.9165649394200651, 0.8909051648625499, 0.874753281192419, 0.8552876227714052, 0.8342090725364001, 0.833200744637615, 0.8163900951932769, 0.817011711002351, 0.7970565312644374, 0.8015241856301529, 0.7939494600742149, 0.7939790986318384, 0.7880092344960888, 0.7780738118671905, 0.7849045546533816, 0.7753592454558266, 0.7737457316031023, 0.7653502823641116, 0.7694382170613322, 0.7702120852294697, 0.7614426436580094, 0.7643503320786251, 0.7577333043913397, 0.7574456221054319, 0.7550316295422105, 0.7502573453169227, 0.7474349396460257, 0.7549188473750978, 0.744404933804772, 0.7454100521815507, 0.7548818761666055, 0.7432479084359267, 0.7420274868717334, 0.7449694820147071, 0.7397988655176807, 0.7422691347582987, 0.7359311099963018, 0.7362229840108425, 0.7375582249949124, 0.7388871036558264, 0.7391953418095194, 0.7331265217980603, 0.7361393948848032, 0.5970191043180326, 0.5319981104343681, 0.507156803253865, 0.482644074870699, 0.46513124687363805, 0.4466126332180655, 0.4304444278825823, 0.4148506739704092, 0.39955473163883415, 0.39232866290821855, 0.3795610726624489, 0.3666457225595747, 0.3606358439790175, 0.3477116527560429, 0.3404266236302792, 0.33031298379147905, 0.3214975140370531, 0.3175489301293449, 0.31243571968500294, 0.3052060901736724, 0.29814689043277887, 0.2919375731161259, 0.29188481982569403, 0.2827219543301192, 0.2809165525478417, 0.25870448835528004, 0.24797915629338316, 0.2414999239645643, 0.2400539782434196, 0.23534763398861053, 0.2357121344294085, 0.2323325104445687, 0.23005837723923125, 0.22889159601187714, 0.2280522827649873], "acc": [0.420714628681178, 0.6156680551105415, 0.699635533482858, 0.7366629285485421, 0.7617950977250881, 0.7788969881448253, 0.7894504966356937, 0.7994633130406921, 0.8052907721884012, 0.8098966677347004, 0.8175664851009292, 0.8239947132329382, 0.825336430631208, 0.8302427106696572, 0.8328860942005767, 0.8376521948093559, 0.8367310157000961, 0.8422180390900352, 0.8416172701057354, 0.8458827298942646, 0.8481055751361743, 0.8469440884331945, 0.8508691124639539, 0.8509892662608138, 0.8547941364947133, 0.8549142902915732, 0.856456264017943, 0.8568167254085229, 0.8575376481896828, 0.8582585709708427, 0.8596803909003524, 0.862624158923422, 0.8643864146107016, 0.8639658763216918, 0.8629245434155719, 0.8655278756808715, 0.8671900032041012, 0.8642061839154117, 0.8675704902274912, 0.868952258891381, 0.8677306952899712, 0.868731976930471, 0.8680310797821211, 0.8717157962191605, 0.8719561038128805, 0.8712952579301506, 0.8710148990708106, 0.8719561038128805, 0.8735581544376803, 0.8720762576097405, 0.920074423815621, 0.9382809996795899, 0.9422060237103492, 0.9487143543735982, 0.949755687279718, 0.9529397628965075, 0.955643223325857, 0.9580462992630567, 0.9601089394424864, 0.9605294777314963, 0.9639138096763857, 0.9648950656840756, 0.9642942966997757, 0.9664770906760654, 0.9669376802306953, 0.9689001922460749, 0.9699815764178148, 0.9694008330663249, 0.9692406280038449, 0.9712231656520346, 0.9715435757769946, 0.9725248317846844, 0.9708627042614547, 0.9732257289330343, 0.9723846523550144, 0.9804737516005122, 0.9840796219160526, 0.9864626722204421, 0.9864826978532522, 0.987864466517142, 0.987784363985902, 0.9889057994232617, 0.9893663889778918, 0.9893663889778918, 0.9894264658763217]}