{"val_loss": [1.9041423599243164, 1.5638071640014648, 1.3597037111282348, 1.1648860877990723, 1.0851687831878662, 0.9911599364280701, 1.0927778715133667, 1.076944659423828, 1.2300779880523682, 0.918078023815155, 0.8621463127136231, 0.9380794610977173, 0.8287317956924438, 0.9068916172027588, 0.8012666800498962, 0.8058331869125366, 0.8512323692321777, 0.8051932354927063, 0.79324651927948, 0.7612733050346374, 0.8306782745361329, 0.8034885269165039, 0.8698473886489868, 0.7619544999122619, 0.7913388920783997, 0.6663792324066162, 0.6800643569946289, 0.7125321502685547, 0.6799244744300842, 0.6794981942176819, 0.7178910880565643, 0.828927855348587, 0.8063429419517517, 0.6998783531665802, 0.655879160451889, 0.7146662652015686, 0.6204056499481201, 0.6473211200714112, 0.7128678289413453, 0.6761734790802002, 0.6807881242275238, 0.6217381161689758, 0.6487909291267395, 0.643795645904541, 0.6090660145759582, 0.9341651000976563, 0.6073078806877136, 0.6755804786682129, 0.6142466275215149, 0.7245963793754577, 0.6087165101528168, 0.5971585024833679, 0.6110830557823181, 0.6340609399795533, 0.7031157925605774, 0.6077969420433045, 0.6583266777992248, 0.6277343141078949, 0.6225288471221924, 0.609761209487915, 0.5709528420448303, 0.6160480062484741, 0.5714349029541016, 0.5839792458534241, 0.5766334785461426, 0.7211412560462952, 0.5910142515182495, 0.544363976097107, 0.5797769018173218, 0.6083626873970032, 0.5872085271835327, 0.6321854299545288, 0.5830804742336273, 0.5563332013130188, 0.5873252319812775, 0.5789266057014465, 0.5776725296020507, 0.6075765851020813, 0.5937097190856934, 0.5680022473335267, 0.5558162291526795, 0.5958624561309814, 0.5345373847007752, 0.5391797112464904, 0.5027418745040894, 0.5039495100021363, 0.5055284319877624, 0.5410069782972335, 0.5456016021728516, 0.524380765247345, 0.516459428024292, 0.48979620532989504, 0.5262555898666382, 0.5034242504119874, 0.48083260025978086, 0.47204149618148805, 0.47001694440841674, 0.4840593660354614, 0.5151007009506225, 0.4772484148979187, 0.4787786502838135, 0.4500435908317566, 0.45484897270202634, 0.46030896167755125, 0.4452326467514038, 0.45638748531341555, 0.441530055809021, 0.44807512111663816, 0.4427016891479492, 0.43534435291290285, 0.4379086440086365, 0.4202161356925964, 0.4191070276260376, 0.42134205713272094, 0.41225792407989503, 0.41519755907058714, 0.40901585750579833, 0.4082061420440674, 0.40654434871673584, 0.4050981598854065], "val_acc": [0.5094, 0.6172, 0.6916, 0.7426, 0.7609, 0.7869, 0.7591, 0.7633, 0.7249, 0.8056, 0.8135, 0.7887, 0.8261, 0.8038, 0.8289, 0.8281, 0.8195, 0.8323, 0.8265, 0.838, 0.8113, 0.8337, 0.8061, 0.8386, 0.8326, 0.8696, 0.8593, 0.8547, 0.8674, 0.8632, 0.8535, 0.8293, 0.8293, 0.8587, 0.873, 0.8549, 0.8831, 0.8729, 0.8577, 0.8712, 0.8651, 0.8851, 0.8742, 0.8762, 0.8825, 0.8074, 0.8889, 0.8687, 0.8861, 0.8613, 0.8878, 0.888, 0.8833, 0.8817, 0.8639, 0.8903, 0.8777, 0.8797, 0.8832, 0.8822, 0.8988, 0.8846, 0.896, 0.8954, 0.8969, 0.8636, 0.8949, 0.9023, 0.8977, 0.8907, 0.8909, 0.885, 0.8941, 0.8983, 0.89, 0.8934, 0.8978, 0.8889, 0.8932, 0.8946, 0.8997, 0.8914, 0.9036, 0.9051, 0.9097, 0.9139, 0.9123, 0.9065, 0.9023, 0.9038, 0.9071, 0.9167, 0.9053, 0.9129, 0.9166, 0.9183, 0.9196, 0.9137, 0.9104, 0.9183, 0.9182, 0.925, 0.9252, 0.922, 0.9256, 0.9233, 0.926, 0.9268, 0.9278, 0.9285, 0.9248, 0.9315, 0.9306, 0.9339, 0.9363, 0.9342, 0.9351, 0.9352, 0.935, 0.9339], "loss": [2.1905397595503393, 1.6058898950028504, 1.321626411059517, 1.1453288853990753, 1.0471393393904191, 0.9669285310473548, 0.9049458745813233, 0.868397721599454, 0.8272020905913547, 0.8014514279702094, 0.7688790583862951, 0.7440852911035564, 0.725388328597681, 0.7083991297284953, 0.7006257725022028, 0.6783415271488565, 0.6671949702843588, 0.6568442039050695, 0.648824234688783, 0.6381183274288685, 0.6297270367265627, 0.6106373471138299, 0.6060740130812762, 0.5984802917100162, 0.5886271696921377, 0.5827136139553022, 0.5799979513411266, 0.5753921077042617, 0.5684003580408216, 0.5576929653497854, 0.5568839857545387, 0.5527689721976713, 0.5506151398481908, 0.5377051410171746, 0.5378925713890058, 0.5374804208742949, 0.5319484848221946, 0.5255856717344197, 0.5198595997783898, 0.5197688601492765, 0.5034868830685284, 0.5016034138787814, 0.4996251300966889, 0.49454933221347064, 0.49182346372371843, 0.49420258077742923, 0.48372662940352706, 0.47745291305001364, 0.4703296636364802, 0.4710658845665901, 0.46605936992156954, 0.45876967864882534, 0.45879226370350384, 0.456930246707297, 0.4479902707731108, 0.44913853113567903, 0.4420222579419403, 0.43940570921824457, 0.4347561278288128, 0.43243460283089724, 0.4230366343387932, 0.41766115876776994, 0.4219062571097996, 0.41279959110713443, 0.4130050565976916, 0.4069131965204275, 0.39739653820941034, 0.3940880813008132, 0.38960651497371235, 0.38513804381766453, 0.38468097382185357, 0.375078112661437, 0.3706611825615158, 0.3745029188709302, 0.36149287973415556, 0.35620844385200945, 0.3535757096180137, 0.34658764373005524, 0.35022954441508997, 0.3387321097406394, 0.3362196058006213, 0.32722166281959586, 0.32355528392966143, 0.32507976991915344, 0.3113560082631728, 0.31257628469005166, 0.30134515100501463, 0.29546197904659305, 0.2939829940994007, 0.2885664538442993, 0.27891709955028515, 0.27185565490427405, 0.27094115917790496, 0.26407141479154717, 0.2580151917902292, 0.2559977985457193, 0.24767687249382528, 0.24133776970635556, 0.23419338083722327, 0.2232844662142366, 0.22679912975135047, 0.22048210866335763, 0.20890297056831608, 0.20682516985686114, 0.20203600886505232, 0.19421748132383668, 0.18846444763126075, 0.18218398143417527, 0.17892155657890785, 0.17600891923900594, 0.1709421550783929, 0.1673197699904939, 0.16376437785096148, 0.16079650325464598, 0.15765602714096769, 0.156916092776472, 0.15533958123037744, 0.15353773483623478, 0.15263020930609184, 0.15187379873196666],