{"val_loss": [4.722624904070145, 4.390048428626068, 4.2440486161605175, 4.068954016275452, 4.028579751074602, 3.9836580135204174, 4.028195462557044, 3.9796239066623067, 3.9800633885050356, 3.9153483704860275, 3.934068376891279, 3.808163075439404, 3.7639276282606877, 3.916660299623646, 4.026380558136773, 3.840786265482265, 3.986948349625592, 3.733322193849106, 3.7957124602583487, 3.8786389455319217, 3.7224147062562705, 3.6907872032620097, 3.8311011495605567, 3.719710900971663, 3.7361845555512803, 3.853063207125702, 3.688876817767747, 3.748515476927089, 3.759373770051916, 3.8268055009765134, 2.9549155709071036, 2.8467650137085845, 2.796994149396961, 2.7477609830969967, 2.689225110454836, 2.661245983387921, 2.6382540128465246, 2.6596206071488138, 2.6133246233689804, 2.6289947198017014, 2.6248070441198426, 2.6329846512676247, 2.6292427338647766, 2.6635137471983783, 2.6286666873188604, 2.627039839104178, 2.6522718040263595, 2.6608080871631175, 2.687905456708825, 2.695126074715705, 2.4711969448969913, 2.4755091367712345, 2.472699120424796, 2.4806205496887848, 2.475913374128357, 2.484347096963781, 2.4901016714492283, 2.4919906868066954, 2.4880874068648726, 2.4962754894569876, 2.4883786173066462, 2.5060199754441608, 2.514640055608826, 2.5245765196144485, 2.518067819100839, 2.5293745410999047, 2.538841822681028, 2.55100592630113, 2.5532155067640416, 2.5644914961859415], "val_acc": [0.11217948717948718, 0.15338164251207728, 0.1832729468599034, 0.21859903381642512, 0.23067632850241546, 0.250402576489533, 0.25332125603864736, 0.267512077294686, 0.2669082125603865, 0.286634460547504, 0.29367954911433175, 0.3178341384863124, 0.32689210950080516, 0.30766908212560384, 0.3001207729468599, 0.3233695652173913, 0.31129227053140096, 0.35054347826086957, 0.34430354267310787, 0.3350442834138486, 0.35829307568438, 0.3684581320450886, 0.348731884057971, 0.37127616747181963, 0.3702697262479871, 0.3587962962962963, 0.3862721417069243, 0.36835748792270534, 0.37449677938808373, 0.36252012882447665, 0.5267427884615384, 0.5347222222222222, 0.5369363929146538, 0.5352254428341385, 0.5451892109500805, 0.5451892109500805, 0.5485104669887279, 0.5456924315619968, 0.5453904991948471, 0.5406602254428341, 0.5397544283413849, 0.5432769726247987, 0.5448872785829307, 0.5363325281803543, 0.5472020933977456, 0.5505233494363929, 0.5384460547504025, 0.5393518518518519, 0.5306964573268921, 0.5337157809983897, 0.5822315705128205, 0.5839371980676329, 0.5847423510466989, 0.5845410628019324, 0.5893719806763285, 0.5826288244766505, 0.5830314009661836, 0.5821256038647343, 0.5842391304347826, 0.5844404186795491, 0.5833333333333334, 0.581219806763285, 0.5797101449275363, 0.5809178743961353, 0.5825281803542673, 0.5777979066022544, 0.5760869565217391, 0.5755837359098228, 0.5769927536231884, 0.5751811594202898], "loss": [5.18671408248999, 4.490412507823217, 4.217060615490009, 4.059217876396322, 3.963955351390611, 3.907370825633314, 3.8545097655788516, 3.8203107081068683, 3.802232780483689, 3.7815106128420486, 3.762848308005381, 3.748844885991532, 3.739777220756722, 3.733335855273966, 3.719323253148053, 3.709614944296828, 3.703086702239575, 3.6951891105596206, 3.6878513497106757, 3.6834932496763595, 3.6807640825508114, 3.6752636995928034, 3.6702643781979933, 3.667168190843629, 3.663333156273853, 3.6621161287650796, 3.665587089426936, 3.655083044973732, 3.652788828200154, 3.6563967279513268, 3.0529777205007345, 2.7994518818708527, 2.672686291682595, 2.571657405886186, 2.493484547035992, 2.4268430794839904, 2.3645946711031405, 2.312898008621072, 2.2719756442655172, 2.2329818807108888, 2.19989282148331, 2.1695418255627312, 2.145766167724669, 2.1239505368308906, 2.1041806937960668, 2.093601781222091, 2.0694454826508695, 2.0655799642446477, 2.048818874689973, 2.044120168753778, 1.812734989913056, 1.7224874165829678, 1.680156602572767, 1.6547370080611943, 1.626077543711497, 1.6088042514558747, 1.590901394285695, 1.5720848914164915, 1.5576752091489043, 1.5387882007926497, 1.5299253423662293, 1.5126433152360141, 1.5011787237677365, 1.4868913057583801, 1.4763158137551027, 1.463423743183938, 1.4480296443565273, 1.4393156212306366, 1.4293308710950143, 1.4147559893850201], "acc": [0.06366687411095306, 0.1348959259918164, 0.17964997331435686, 0.2103162248710194, 0.23288783134673546, 0.2501111901796833, 0.26493284113147125, 0.2799212773527842, 0.288627468421989, 0.2992683686176837, 0.3089975093399751, 0.3157356342287849, 0.32260718733321475, 0.32788872086817294, 0.3364948407756627, 0.34202099270592423, 0.3465686710549724, 0.3539628180039139, 0.35710950008895215, 0.35974470734744707, 0.363080412737947, 0.36820628002134853, 0.37070805906422344, 0.37424390677815333, 0.3781022060131649, 0.38051503291229316, 0.3817714819427148, 0.3839841665184131, 0.38464018857854476, 0.38626356520192134, 0.5091460704125178, 0.548011919587262, 0.563267212239815, 0.5747420387831347, 0.5832036114570361, 0.5892857142857143, 0.5971579790072941, 0.6020614659313289, 0.6087106386763921, 0.6113347269169187, 0.6163494040206369, 0.6208859633517168, 0.6213196050524817, 0.6255893079523217, 0.6292474648639033, 0.6302259384451165, 0.6348292118840064, 0.6339952855363814, 0.6400329122931863, 0.6406889343533179, 0.6999799964438123, 0.7217910514143391, 0.7329767834904821, 0.7389143390855719, 0.7458414872798435, 0.7486879558797367, 0.7517790428749332, 0.7562488880982031, 0.7606964952855364, 0.7636319160291763, 0.7652552926525529, 0.7699252801992528, 0.7706368973492261, 0.7744507205123643, 0.7762631204412026, 0.777975449208326, 0.7817336772816225, 0.7827232698808041, 0.7847691691869774, 0.7881382316313823]}