{"R": 122.41034966362847, "G": 114.17516126030816, "B": 101.29340644259983}